Tariff Band,Feeder,Minimum Duration of Supply (Hrs/Day),Average Frequency of Interruptions Per Day,Average Duration of Interruptions,Average Response time to calls,Average Response time to resolving complaints
A,11-MagodoINJ-T2-CMD,21:00,0.45,4:40:28,0:00:05,4:40:28
A,11-ItireINJ-T2-Amuwo-Ijesha,21:00,0.36,10:17:15,0:01:00,10:17:15
A,11-ItireINJ-T2-Canal,21:00,6.72,5:28:59,0:01:00,5:28:59
A,11-AlimoshoINJ-T8-Alimosho,21:00,0.36,8:31:51,0:01:00,8:31:51
A,11-ShashaINJ-T1-NAF,21:00,0.36,8:08:24,0:01:00,8:08:24
A,11-New AlausaINJ-T4-Siyanbola,21:00,0.36,7:08:04,0:01:00,7:08:04
A,11-SecretariatINJ-T2-Agidingbi,21:00,0.36,9:58:17,0:01:00,9:58:17
A,11-OgbaINJ-T2-Mangoro,21:00,0.36,13:16:16,0:01:00,13:16:16
A,11-New AlausaINJ-T4-Allen,21:00,0.36,11:05:47,0:01:00,11:05:47
A,11-New AlausaINJ-T5-Morrison,21:00,0.36,8:11:56,0:01:00,8:11:56
A,11-New AlausaINJ-T5-Alausa,21:00,0.36,8:22:29,0:01:00,8:22:29
A,11-MarylandINJ-T2-Ojota,21:00,0.36,8:21:12,0:01:00,8:21:12
A,11-New AlausaINJ-T4-Oregun,21:00,0.36,9:31:25,0:01:00,9:31:25
A,11-New AlausaINJ-T6-Ogundana,21:00,0.36,6:54:55,0:01:00,6:54:55
A,11-IlupejuINJ-T1-ATM,21:00,0.36,10:00:00,0:01:00,10:00:00
A,11-IlupejuINJ-T1-Rida Plastic,21:00,0.36,5:33:29,0:01:00,5:33:29
A,11-OdogunyanINJ-T2-Centex,21:00,0.36,5:21:08,0:01:00,5:21:08
A,11-Ilupeju BypassINJ-T1-Bypass,21:00,0.36,8:54:40,0:01:00,8:54:40
A,11-MarylandINJ-T2-Westex,21:00,0.36,4:15:14,0:01:00,4:15:14
A,11-Adeniyi JonesINJ-T1-Adeniyi Jones,21:00,5.72,8:27:07,0:01:00,8:27:07
A,11-Ilupeju BypassINJ-T1-Industrial,21:00,5.72,7:41:40,0:01:00,7:41:40
A,11-Ilupeju BypassINJ-T1-Obanikoro,21:00,5.72,7:16:46,0:01:00,7:16:46
A,11-IlupejuINJ-T3-Coker,21:00,5.72,13:05:00,0:01:00,13:05:00
A,11-IlupejuINJ-T3-Palmgrove,21:00,5.72,6:24:19,0:01:00,6:24:19
A,11-ItireINJ-T1-Okota,21:00,5.72,6:18:08,0:01:00,6:18:08
A,11-MarylandINJ-T3-Sylvia,21:00,5.72,8:55:49,0:01:00,8:55:49
A,11-New AlausaINJ-T5-Kudirat,21:00,5.72,6:59:37,0:01:00,6:59:37
A,11-New AlausaINJ-T6-Awolowo,21:00,5.72,5:10:24,0:01:00,5:10:24
A,11-OguduINJ-T1-Ogudu,21:00,5.72,10:17:07,0:01:00,10:17:07
A,11-PTCINJ-T1-Opebi,21:00,5.72,7:46:55,0:01:00,7:46:55
A,11-SecretariatINJ-T1-Estate,21:00,5.72,13:29:16,0:01:00,13:29:16
A,11-SecretariatINJ-T1-Omole,21:00,5.72,5:50:51,0:01:00,5:50:51
A,11-SecretariatINJ-T2-UAC,21:00,5.72,3:54:21,0:01:00,3:54:21
A,11-IgbobiINJ-T3-Railway,21:00,6.72,10:00:00,0:01:00,10:00:00
A,11-MarylandINJ-T2-GRA,21:00,6.72,11:06:17,0:01:00,11:06:17
A,11-MarylandINJ-T3-Demurin,21:00,5.72,9:28:36,0:01:00,9:28:36
A,11-MarylandINJ-T1-Okupe,21:00,5.72,6:52:18,0:01:00,6:52:18
A,11-IlupejuINJ-T4-Ikorodu,21:00,5.72,9:43:14,0:01:00,9:43:14
A,11-OloworaINJ-T1-UNILAG,21:00,5.72,11:20:28,0:01:00,11:20:28
A,11-AjegunleINJ-T1-Owode Onirin,21:00,5.72,4:59:20,0:01:00,4:59:20
A,33-Oke-AroTCN-NEW IJU W/WORKS,21:00,0.25,7:46:19,0:01:00,7:46:19
A,33-Oke-AroTCN-LAMBE,21:00,0.25,17:32:08,0:01:00,17:32:08
A,33-Oke-AroTCN-YIDI,21:00,0.25,14:23:36,0:01:00,14:23:36
A,33-AlimoshoTCN-ADIYAN,21:00,0.25,29:18:09,0:01:00,29:18:09
A,33-AlimoshoTCN-AGEGE,21:00,0.25,10:00:00,0:01:00,10:00:00
A,33-AlausaTCN-ALAUSA,21:00,0.25,7:52:27,0:01:00,7:52:27
A,33-AlausaTCN-OJODU,21:00,0.25,9:26:41,0:01:00,9:26:41
A,33-AlausaTCN-OPEBI,21:00,0.25,10:28:41,0:01:00,10:28:41
A,33-MarylandTCN-M/ALAUSA,21:00,0.25,11:13:23,0:01:00,11:13:23
A,33-MarylandTCN-PTC,21:00,0.25,9:45:24,0:01:00,9:45:24
A,33-OgbaTCN-CISCO,21:00,0.25,5:39:12,0:01:00,5:39:12
A,33-OgbaTCN-PTC DUNLOP,21:00,0.25,10:00:00,0:01:00,10:00:00
A,33-OgbaTCN-PTC EXP.,21:00,0.25,18:01:54,0:01:00,18:01:54
A,33-OgbaTCN-UNIVERSAL STEEL,21:00,0.25,8:54:44,0:01:00,8:54:44
A,33-IkoroduTCN-INDUSTRIAL,21:00,0.25,8:25:41,0:01:00,8:25:41
A,33-IkoroduTCN-PULKIT,21:00,0.25,7:28:52,0:01:00,7:28:52
A,33-IkoroduTCN-SPINTEX,21:00,0.25,6:54:54,0:01:00,6:54:54
A,33-IkoroduTCN-UNTL,21:00,0.25,5:27:00,0:01:00,5:27:00
A,33-OdogunyanTCN-Chiki Chiki,21:00,0.25,5:41:23,0:01:00,5:41:23
A,33-OdogunyanTCN-MEGA STEEL,21:00,0.25,4:55:18,0:01:00,4:55:18
A,33-OdogunyanTCN-ODOGUNYAN,21:00,0.25,4:53:24,0:01:00,4:53:24
A,33-AmuwoTCN-AMUKOKO,21:00,0.25,6:35:23,0:01:00,6:35:23
A,33-AmuwoTCN-HONGXING 1,21:00,0.25,9:52:42,0:01:00,9:52:42
A,33-AmuwoTCN-HONGXING 2,21:00,0.25,6:15:00,0:01:00,6:15:00
A,33-IsoloTCN-AFPRINT,21:00,0.25,7:44:28,0:01:00,7:44:28
A,33-IsoloTCN-AJAO,21:00,0.25,6:10:22,0:01:00,6:10:22
A,33-IsoloTCN-ASWANI,21:00,0.25,9:38:09,0:01:00,9:38:09
A,33-ItireTCN-AGO II,21:00,0.25,8:44:37,0:01:00,8:44:37
A,33-AlausaTCN-MAGODO,21:00,0.25,11:17:28,0:01:00,11:17:28
A,33-OworonshokiTCN-CHEVRON,21:00,0.25,5:02:16,0:01:00,5:02:16
A,33-OworonshokiTCN-IGBOBI,21:00,0.25,6:07:55,0:01:00,6:07:55
A,33-OworonshokiTCN-OGUDU 1,21:00,0.25,7:45:21,0:01:00,7:45:21
A,33-OtaTCN-AMJE,21:00,1.69,10:14:11,0:01:00,10:14:11
A,33-AlausaTCN-OPIC,21:00,1.69,7:04:33,0:01:00,7:04:33
A,33-EjigboTCN-EGBE,21:00,1.69,7:13:39,0:01:00,7:13:39
A,33-ItireTCN-AGO I,21:00,1.69,16:11:02,0:01:00,16:11:02
A,132-EgbinTCN-MARYLAND-LANDCRAFT,21:00,0.25,5:30:07,0:01:00,5:30:07
A,132-EgbinTCN-MARYLAND-OMNIK,21:00,0.25,8:48:55,0:01:00,8:48:55
A,132-EgbinTCN-SAGAMU-TOPSTEEL,21:00,0.25,7:13:51,0:01:00,7:13:51
A,33-OgbaTCN-IJU WATER WORKS,21:00,0.25,10:00:00,0:01:00,10:00:00
A,33-OgbaTCN-SANKYO,21:00,0.25,7:45:09,0:01:00,7:45:09
A,33-IkoroduTCN-DANGOTE,21:00,0.25,6:00:54,0:01:00,6:00:54
A,33-AmuwoTCN-FESTAC 1,21:00,0.25,9:23:50,0:01:00,9:23:50
A,33-EjigboTCN-AIRPORT,21:00,0.25,7:13:10,0:01:00,7:13:10
A,33-EjigboTCN-SHASHA,21:00,0.25,7:15:32,0:01:00,7:15:32
A,33-IsoloTCN-PTC INTERFACE,21:00,0.25,4:32:44,0:01:00,4:32:44
A,33-IlupejuTCN-ILUPEJU IGBOBI,21:00,0.25,10:21:35,0:01:00,10:21:35
A,33-IlupejuTCN-ILUPEJU BY-PASS,21:00,0.25,7:38:46,0:01:00,7:38:46
A,33-AlimoshoTCN-TOWER IPAJA,21:00,1.69,6:22:57,0:01:00,6:22:57
A,33-AyoboTCN-ABESAN,21:00,1.69,7:00:33,0:01:00,7:00:33
A,33-IkoroduTCN-IGBOGBO,21:00,0.25,5:05:30,0:01:00,5:05:30
A,33-EjigboTCN-OKEAFA 2,21:00,0.25,9:53:28,0:01:00,9:53:28
A,33-EjigboTCN-OKEAFA 1,21:00,0.25,9:35:50,0:01:00,9:35:50
A,33-AyoboTCN-AIYETORO,21:00,1.69,6:00:31,0:01:00,6:00:31
A,11-IjuINJ-T2-Water Works,21:00,5.72,8:57:45,0:01:00,8:57:45
A - Bilateral,11-OjoduINJ-T2-Express,21:00,5.72,4:31:15,0:01:00,4:31:15
A - Bilateral,11-PTCINJ-T3-Oba Akinjobi,21:00,0.45,10:38:31,0:00:05,10:38:31
A - Bilateral,11-PTCINJ-T2-Awuse,21:00,0.45,4:21:18,0:00:05,4:21:18
A - Bilateral,11-PTCINJ-T3-General Hospital,21:00,0.45,7:34:12,0:00:05,7:34:12
A - Bilateral,11-Adekunle FajuyiINJ-T1-Oduduwa,21:00,0.45,12:21:00,0:00:05,12:21:00
A - Bilateral,11-Adekunle FajuyiINJ-T1-Isaac John,21:00,0.45,9:49:59,0:00:05,9:49:59
A - Bilateral,11-MarylandINJ-T1-PTC,21:00,0.45,14:00:13,0:00:05,14:00:13
A - Bilateral,11-MagodoINJ-T2-Bashiru,21:00,0.45,4:50:29,0:00:05,4:50:29
A - Bilateral,11-MagodoINJ-T1-Emmanuel Keshi,21:00,0.45,4:32:28,0:00:05,4:32:28
A - Bilateral,11-MagodoINJ-T1-Shangisha,21:00,0.45,4:18:11,0:00:05,4:18:11
A - Bilateral,11-MagodoINJ-T1-Owulade,21:00,0.45,4:28:30,0:00:05,4:28:30
A - Bilateral,11-OguduINJ-T1-CAC,21:00,0.45,7:48:04,0:00:05,7:48:04
A - Bilateral,11-OjoduINJ-T2-River Valley,21:00,5.72,10:00:00,0:01:00,10:00:00
A - Bilateral,11-HilltopINJ-T1-Hilltop,21:00,0.45,7:51:21,0:00:05,7:51:21
A - Bilateral,11-OguduINJ-T1-Express,21:00,0.45,7:51:21,0:00:05,7:51:21
A - Bilateral,11-Lagos HomsINJ-T1-Estate,21:00,0.25,4:40:28,0:00:05,4:40:28
A - Bilateral,11-ShashaINJ-T1-Coker Estate,21:00,0.45,7:51:21,0:00:05,7:51:21
A - Bilateral,11-OworoINJ-T3-GTB,21:00,0.45,7:51:21,0:00:05,7:51:21
A - Bilateral,11-ObawoleINJ-T1-Rotimi Williams,21:00,6.72,16:40:17,0:01:00,16:40:17
B,33-IkoroduTCN-OWUTU,17:00,0.25,5:40:51,0:01:00,4:40:28
B,33-MarylandTCN-AJEGUNLE,17:00,1.69,7:06:43,0:01:00,7:06:43
B,33-OgbaTCN-ABEOKUTA EXP.,17:00,1.69,8:43:05,0:01:00,8:43:05
B,33-IkoroduTCN-FAKALE SOURCE,17:00,1.69,11:44:50,0:01:00,11:44:50
B,11-Oke IraINJ-T2-Thomas Salako,17:00,5.72,5:17:41,0:01:00,5:17:41
B,33-EjigboTCN-AGODO,17:00,1.69,6:35:14,0:01:00,6:35:14
B,33-AlimoshoTCN-EKORO,17:00,1.69,6:00:31,0:01:00,6:00:31
B,11-AjaoINJ-T1-Airport Road,17:00,5.72,10:52:06,0:01:00,10:52:06
B,11-IgbobiINJ-T3-Mushin,17:00,6.72,7:45:56,0:01:00,7:45:56
B,11-AlapereINJ-T1-Araba,17:00,6.72,5:57:39,0:01:00,5:57:39
B,11-OworoINJ-T2-Ladilac,17:00,6.72,8:40:25,0:01:00,8:40:25
B,11-OjoduINJ-T2-Yakoyo,17:00,5.72,7:45:13,0:01:00,7:45:13
B,11-AgegeINJ-T3-Oyemekun,17:00,6.72,2:38:24,0:01:00,2:38:24
B,11-IgbobiINJ-T1-Apata,17:00,6.72,10:00:00,0:01:00,10:00:00
B,11-MarylandINJ-T1-Ketu,17:00,5.72,6:24:21,0:01:00,6:24:21
B,11-IgbobiINJ-T2-Market,17:00,5.72,8:49:23,0:01:00,8:49:23
B,11-IjuINJ-T1-Ajuwon,17:00,5.72,9:55:43,0:01:00,9:55:43
B,11-New GowonINJ-T1-Olorunadaba,17:00,5.72,8:16:10,0:01:00,8:16:10
B,11-OworoINJ-T1-Ifako,17:00,5.72,5:38:16,0:01:00,5:38:16
B,11-IsheriINJ-T1-Bankole,17:00,5.72,8:35:45,0:01:00,8:35:45
B,11-Oke AfaINJ-T2-Osolo,17:00,5.72,10:27:59,0:01:00,10:27:59
B,11-OguduINJ-T3-Soluyi,17:00,5.72,4:13:09,0:01:00,4:13:09
B,11-Oke IraINJ-T1-Oke Ira,17:00,5.72,6:05:13,0:01:00,6:05:13
B,11-OguduINJ-T3-Kola Adeshina,17:00,5.72,4:43:16,0:01:00,4:43:16
B,11-OjoduINJ-T1-Ojodu,17:00,5.72,3:38:33,0:01:00,3:38:33
B,11-IjuINJ-T1-Galilee,17:00,5.72,8:57:45,0:01:00,8:57:45
B,11-OguduINJ-T2-Alapere,17:00,5.72,9:17:04,0:01:00,9:17:04
B,11-BolorunpeluINJ-T3-Governor,17:00,5.72,4:32:03,0:01:00,4:32:03
B,11-OloworaINJ-T1-Orisha,17:00,5.72,9:24:23,0:01:00,9:24:23
B,11-OworoINJ-T2-Oworo,17:00,5.72,8:47:31,0:01:00,8:47:31
B,11-OgbaINJ-T1-Ijaye,17:00,5.72,6:24:00,0:01:00,6:24:00
B,11-OdogunyanINJ-T1-Agodo,17:00,5.72,73:35:00,0:01:00,73:35:00
B,11-IsheriINJ-T1-Isheri,17:00,5.72,11:30:02,0:01:00,11:30:02
B,11-Oke IraINJ-T2-Kayode,17:00,5.72,6:20:53,0:01:00,6:20:53
B,33-AyoboTCN-ABULE TAYLOR,17:00,1.69,7:18:03,0:01:00,7:18:03
B,33-AyoboTCN-AMIKANLE,17:00,1.69,10:16:08,0:01:00,10:16:08
B,11-Oke IraINJ-T1-Nob Oluwa,17:00,5.72,8:30:36,0:01:00,8:30:36
B,11-MongoroINJ-T1-New Dopemu,17:00,6.72,10:26:50,0:01:00,10:26:50
B,11-Abule TaylorINJ-T1-Bode Williams,17:00,6.72,7:33:28,0:01:00,7:33:28
B,11-AmikanleINJ-T1-Isoto,17:00,6.72,10:32:10,0:01:00,10:32:10
B,11-Oke IraINJ-T2-Abiodun Jagun,17:00,6.72,5:25:13,0:01:00,5:25:13
B,11-IgbobiINJ-T3-Ikorodu,17:00,6.72,10:00:00,0:01:00,10:00:00
B,11-AjegunleINJ-T1-Thomas Olaniyan,17:00,5.72,6:07:17,0:01:00,6:07:17
B,11-Adeniyi JonesINJ-T1-Ajao,17:00,5.72,5:40:18,0:01:00,5:40:18
B,11-AlimoshoINJ-T4-FHA,17:00,5.72,8:17:34,0:01:00,8:17:34
B,11-ObawoleINJ-T1-Shonubi,17:00,5.72,10:00:00,0:01:00,10:00:00
B,11-OgbaINJ-T2-Ifako,17:00,5.72,9:07:15,0:01:00,9:07:15
B,11-OgbaINJ-T3-Oba Akran,17:00,5.72,6:29:03,0:01:00,6:29:03
B,11-OpebiINJ-T1-Agbaoku,17:00,5.72,7:44:28,0:01:00,7:44:28
B,11-OpebiINJ-T1-Olusosun,17:00,5.72,4:27:25,0:01:00,4:27:25
B,11-OpebiINJ-T1-Salvation,17:00,5.72,5:57:37,0:01:00,5:57:37
B,11-OworoINJ-T1-Anthony,17:00,5.72,11:10:34,0:01:00,11:10:34
B,11-OworoINJ-T1-Hospital,17:00,5.72,6:20:24,0:01:00,6:20:24
B,11-OworoINJ-T3-Gbagada,17:00,5.72,6:59:49,0:01:00,6:59:49
B,11-PTCINJ-T2-Medical,17:00,5.72,4:17:44,0:01:00,4:17:44
B,11-PTCINJ-T3-Olowu,17:00,5.72,7:17:14,0:01:00,7:17:14
B,11-SecretariatINJ-T1-Lateef Jakande,17:00,5.72,12:45:28,0:01:00,12:45:28
B,11-SecretariatINJ-T2-7Up,17:00,5.72,4:18:25,0:01:00,4:18:25
B,33-OworonshokiTCN-ALAPERE,17:00,0.45,4:40:28,0:00:05,4:40:28
B,11-AmikanleINJ-T1-Ige,17:00,6.72,16:40:17,0:01:00,16:40:17
B,33-EjigboTCN-IGANDO,17:00,0.25,9:35:50,0:01:00,9:35:50
B,11-Adeniyi JonesINJ-T1-Anifowoshe,17:00,5.72,3:54:21,0:01:00,3:54:21
B,11-ObawoleINJ-T1-Youdeowei,17:00,5.72,3:54:21,0:01:00,3:54:21
B,11-AlimoshoINJ-T8-Wole Omo Osho,17:00,6.72,6:24:13,0:01:00,6:24:13
B,11-AlapereINJ-T1-Bakare,17:00,5.72,3:54:21,0:01:00,3:54:21
B,11-AkokaINJ-T3-Community,17:00,5.72,5:34:04,0:01:00,5:34:04
B,11-Oke AfaINJ-T2-LCHE,17:00,5.72,7:02:19,0:01:00,7:02:19
B,11-AkokaINJ-T3-Akoka,17:00,5.72,4:14:25,0:01:00,4:14:25
B,11-AlajaINJ-T1-Koloba,17:00,6.72,16:40:17,0:01:00,16:40:17
B,33-OworonshokiTCN-NEW OWORO,17:00,0.45,4:40:28,0:00:05,4:40:28
C,33-IkoroduTCN-IBESHE,13:00,1.69,7:55:09,0:01:00,7:55:09
C,11-AjaoINJ-T1-Domino,13:00,5.72,14:03:45,0:01:00,14:03:45
C,11-ItireINJ-T3-Ago,13:00,5.72,11:17:53,0:01:00,11:17:53
C,11-AgegeINJ-T1-Oko Oba,13:00,5.72,6:00:53,0:01:00,6:00:53
C,11-AjaoINJ-T2-Sholanke,13:00,5.72,5:33:43,0:01:00,5:33:43
C,33-Oke-AroTCN-AKUTE,13:00,6.72,12:10:48,0:01:00,12:10:48
C,11-Abule IrokoINJ-T1-Abule Iroko,13:00,6.72,9:12:07,0:01:00,9:12:07
C,11-Akute INJ-T1-Ishashi,13:00,6.72,6:22:28,0:01:00,6:22:28
C,11-Akute INJ-T1-Oyeyemi,13:00,6.72,10:00:00,0:01:00,10:00:00
C,11-Abule IrokoINJ-T1-Alakuko,13:00,6.72,7:05:09,0:01:00,7:05:09
C,11-Ope IluINJ-T1-Adiyan,13:00,6.72,8:20:53,0:01:00,8:20:53
C,11-AlapereINJ-T1-Agboyi,13:00,6.72,10:28:25,0:01:00,10:28:25
C,11-Ijaiye OjokoroINJ-T1-Abeokuta Express,13:00,6.72,16:47:43,0:01:00,16:47:43
C,11-Ope IluINJ-T1-Aboro,13:00,6.72,7:41:04,0:01:00,7:41:04
C,11-ShashaINJ-T1-Foursquare,13:00,6.72,8:00:08,0:01:00,8:00:08
C,11-ShashaINJ-T1-Oguntade,13:00,6.72,5:43:18,0:01:00,5:43:18
C,11-New GowonINJ-T1-Kuwait,13:00,6.72,8:30:09,0:01:00,8:30:09
C,11-YusufINJ-T2-Agbefa,13:00,6.72,7:42:05,0:01:00,7:42:05
C,11-AgegeINJ-T3-Pen Cinema,13:00,6.72,2:24:20,0:01:00,2:24:20
C,11-AbesanINJ-T1-Ipaja,13:00,6.72,8:04:28,0:01:00,8:04:28
C,11-AmikanleINJ-T1-Aiyetobi,13:00,6.72,6:25:15,0:01:00,6:25:15
C,11-AlimoshoINJ-T6-Shasha,13:00,6.72,10:08:18,0:01:00,10:08:18
C,11-AgegeINJ-T3-Tabon Tabon,13:00,6.72,7:50:50,0:01:00,7:50:50
C,11-MongoroINJ-T1-Sule,13:00,6.72,7:41:22,0:01:00,7:41:22
C,11-Abule TaylorINJ-T1-Walter Anderm,13:00,6.72,9:24:40,0:01:00,9:24:40
C,11-Ago OkotaINJ-T2-Oke Ogbere,13:00,6.72,4:19:12,0:01:00,4:19:12
C,11-IgandoINJ-T2-General Hospital,13:00,6.72,6:33:00,0:01:00,6:33:00
C,11-BolorunpeluINJ-T1-Idimu,13:00,6.72,10:00:00,0:01:00,10:00:00
C,11-MushinINJ-T1-Mushin,13:00,6.72,12:07:49,0:01:00,12:07:49
C,11-MushinINJ-T1-Mushin 2,13:00,6.72,10:12:00,0:01:00,10:12:00
C,11-Oke AfaINJ-T1-Ire-Akari,13:00,6.72,3:14:39,0:01:00,3:14:39
C,11-AdaranijoINJ-T1-NYSC,13:00,5.72,4:03:05,0:01:00,4:03:05
C,11-Agodo EgbeINJ-T1-Kudaki,13:00,5.72,4:13:22,0:01:00,4:13:22
C,11-AdaranijoINJ-T1-Arigbanla,13:00,5.72,9:31:00,0:01:00,9:31:00
C,11-IgbobiINJ-T1-Military,13:00,6.72,13:57:08,0:01:00,13:57:08
C,11-OguduINJ-T3-Balogun,13:00,6.72,10:17:56,0:01:00,10:17:56
C,11-AlajaINJ-T1-Fadayomi,13:00,6.72,10:00:00,0:01:00,10:00:00
C,11-Ago OkotaINJ-T2-Lake View,13:00,6.72,4:31:54,0:01:00,4:31:54
C,11-IgbobiINJ-T2-Orthopaedic,13:00,5.72,5:35:03,0:01:00,5:35:03
C,11-AlimoshoINJ-T8-Okunola,13:00,6.72,10:04:39,0:01:00,10:04:39
C,11-OworoINJ-T3-Bariga,13:00,6.72,6:23:28,0:01:00,6:23:28
C,11-BolorunpeluINJ-T3-Liasu,13:00,6.72,6:30:36,0:01:00,6:30:36
C,11-ItireINJ-T3-Apena,13:00,6.72,8:24:52,0:01:00,8:24:52
C,11-AbesanINJ-T2-Abesan,13:00,6.72,10:00:00,0:01:00,10:00:00
C,11-AyetoroINJ-T1-Bada,13:00,6.72,4:11:55,0:01:00,4:11:55
C,11-AlimoshoINJ-T4-Akowonjo,13:00,5.72,5:17:22,0:01:00,5:17:22
C,11-IjuINJ-T2-Agbado 1,13:00,6.72,8:04:16,0:01:00,8:04:16
C,11-AdaranijoINJ-T1-Oyewole,13:00,5.72,5:30:03,0:01:00,5:30:03
C,11-Ipakodo (Ebute)INJ-T1-WAEC,13:00,6.72,10:14:20,0:01:00,10:14:20
C,11-Ijaiye OjokoroINJ-T1-Jankara,13:00,6.72,9:37:02,0:01:00,9:37:02
C,11-OguduINJ-T2-Oriola,13:00,6.72,9:19:01,0:01:00,9:19:01
C,11-AgegeINJ-T2-Abule Egba,13:00,6.72,6:40:11,0:01:00,6:40:11
C,11-BeckleyINJ-T1-Agbe road,13:00,6.72,7:49:39,0:01:00,7:49:39
C,11-AbesanINJ-T2-Shagari,13:00,6.72,24:09:49,0:01:00,24:09:49
C,11-New GowonINJ-T1-Unity,13:00,6.72,6:24:00,0:01:00,6:24:00
C,11-YidiINJ-T1-Osoba,13:00,6.72,7:31:55,0:01:00,7:31:55
C,11-OjoduINJ-T1-Alagbole,13:00,5.72,4:56:52,0:01:00,4:56:52
C,11-AlimoshoINJ-T6-Orelope,13:00,6.72,6:24:13,0:01:00,6:24:13
C,11-AmuwoINJ-T2-Jakande 1,13:00,6.72,8:42:24,0:01:00,8:42:24
C,11-LambeINJ-T1-Jolasco,13:00,5.72,5:33:42,0:01:00,5:33:42
C,11-OworoINJ-T2-Pedro,13:00,6.72,30:11:10,0:01:00,30:11:10
C,11-IjuINJ-T2-Ishaga,13:00,6.72,7:05:35,0:01:00,7:05:35
C,11-OgbaINJ-T2-Agege,13:00,5.72,12:56:23,0:01:00,12:56:23
C,11-AyoboINJ-T1-Ikola,13:00,6.72,10:00:00,0:01:00,10:00:00
C,11-MarylandINJ-T3-Ikosi,13:00,5.72,10:44:40,0:01:00,10:44:40
C,11-OjoduINJ-T1-King Avenue,13:00,5.72,4:38:42,0:01:00,4:38:42
C,11-New OworoINJ-T1-Odunsi,13:00,5.72,7:04:40,0:01:00,7:04:40
C,11-ItireINJ-T1-Ademulegun,13:00,6.72,12:46:57,0:01:00,12:46:57
C,11-BolorunpeluINJ-T1-Isijola,13:00,6.72,10:00:00,0:01:00,10:00:00
C,11-AlimoshoINJ-T4-Oki,13:00,5.72,4:50:31,0:01:00,4:50:31
C,11-BeckleyINJ-T1-Beckley,13:00,6.72,8:17:00,0:01:00,8:17:00
C,11-AmuwoINJ-T2-Jakande 2,13:00,6.72,12:15:22,0:01:00,12:15:22
C,11-SaboINJ-T1-Mary Hill,13:00,5.72,4:27:09,0:01:00,4:27:09
C,11-WasimiINJ-T2-Wasimi,13:00,6.72,8:47:22,0:01:00,8:47:22
C,11-OgbaINJ-T1-Isokoko,13:00,5.72,9:43:47,0:01:00,9:43:47
C,11-New OworoINJ-T1-Finbars,13:00,5.72,8:27:26,0:01:00,8:27:26
C,11-IjuINJ-T1-Asore,13:00,5.72,8:37:52,0:01:00,8:37:52
C,11-AjaoINJ-T2-New Estate,13:00,5.72,4:23:22,0:01:00,4:23:22
C,11-OdogunyanINJ-T2-Ita Oluwo,13:00,5.72,4:13:00,0:01:00,4:13:00
C,11-MushinINJ-Aswani,13:00,5.72,10:09:43,0:01:00,10:09:43
C,11-SaboINJ-T2-Eyita,13:00,5.72,7:34:48,0:01:00,7:34:48
C,11-Ago OkotaINJ-T1-Fasheun,13:00,6.72,7:49:53,0:01:00,7:49:53
C,11-IjuINJ-T1-Grailand,13:00,5.72,7:34:45,0:01:00,7:34:45
C,11-SaboINJ-T1-Ayangburen,13:00,5.72,5:57:53,0:01:00,5:57:53
C,11-Ago OkotaINJ-T1-Amuwo Ind.,13:00,6.72,5:56:28,0:01:00,5:56:28
C,11-LambeINJ-T1-Olambe,13:00,6.72,7:29:11,0:01:00,7:29:11
C,11-OdogunyanINJ-T2-Cantonment,13:00,5.72,12:11:42,0:01:00,12:11:42
C,11-WasimiINJ-T1-Akanimodo,13:00,6.72,10:00:00,0:01:00,10:00:00
C,11-AgegeINJ-T1-Iju Road,13:00,5.72,5:00:19,0:01:00,5:00:19
C,11-IlupejuINJ-T3-L & K,13:00,5.72,8:44:48,0:01:00,8:44:48
C,11-WasimiINJ-T2-Agidi,13:00,5.72,8:13:45,0:01:00,8:13:45
C,11-OdogunyanINJ-T1-Industrial,13:00,5.72,7:10:11,0:01:00,7:10:11
C,11-WasimiINJ-T1-Araromi,13:00,5.72,4:21:08,0:01:00,4:21:08
C,11-Oke AfaINJ-T3-Bungalow,13:00,6.72,24:21:38,0:01:00,24:21:38
C,11-AbesanINJ-T1-Baruwa,13:00,6.72,6:01:50,0:01:00,6:01:50
C,11-Agodo EgbeINJ-T1-Abanishe,13:00,5.72,4:20:49,0:01:00,4:20:49
C,11-AyetoroINJ-T1-Itele,13:00,6.72,7:35:39,0:01:00,7:35:39
C,11-Oke AfaINJ-T2-Ilamoshe,13:00,6.72,9:33:16,0:01:00,9:33:16
C,11-AyoboINJ-T1-Ayobo,13:00,6.72,8:31:07,0:01:00,8:31:07
C,11-Abule IrokoINJ-T1-Books,13:00,6.72,11:37:58,0:01:00,11:37:58
C,11-IgbogboINJ-T2-Agbele,13:00,5.72,13:43:56,0:01:00,13:43:56
C,11-IgbogboINJ-T2-Odofin,13:00,5.72,7:30:46,0:01:00,7:30:46
C,11-OwutuINJ-T1-Ori Okuta,13:00,6.72,5:37:20,0:01:00,5:37:20
C,33-AyoboTCN-AYOBO,13:00,6.72,4:19:12,0:01:00,4:19:12
C,11-IlapoINJ-T1-Ilapo,13:00,6.72,16:40:17,0:01:00,16:40:17
C,11-IjegunINJ-T1-Obalagbe,13:00,6.72,10:29:43,0:01:00,10:29:43
C,11-LambeINJ-T1-Matogun,13:00,6.72,7:29:11,0:01:00,7:29:11
C,11-YusufINJ-T1-Yusuf,13:00,5.72,6:13:08,0:01:00,6:13:08
C,11-SaboINJ-T1-Lasunwon,13:00,5.72,6:09:36,0:01:00,6:09:36
C,11-SaboINJ-T2-Lagos Road,13:00,5.72,9:17:21,0:01:00,9:17:21
C,11-Ijaiye OjokoroINJ-T1-Agbado 2,13:00,6.72,5:50:07,0:01:00,5:50:07
C,11-YusufINJ-T2-Akera,13:00,6.72,13:57:05,0:01:00,13:57:05
C,11-Oke AfaINJ-T1-Bucknor,13:00,6.72,16:40:17,0:01:00,16:40:17
C,11-Akute INJ-T1-Majente,13:00,6.72,16:40:17,0:01:00,16:40:17
D,11-MongoroINJ-T1-Capitol,9:00,6.72,6:48:39,0:01:00,6:48:39
D,11-YidiINJ-T1-Opellu,9:00,6.72,8:04:05,0:01:00,8:04:05
D,11-OwutuINJ-T2-Asolo,9:00,6.72,15:38:45,0:01:00,15:38:45
D,11-New YabaINJ-T2-Jibowu,9:00,6.72,12:10:48,0:01:00,12:10:48
D,11-IgbogboINJ-T1-Ofin,9:00,5.72,9:29:59,0:01:00,9:29:59
D,11-ItireINJ-T2-Ibalex,9:00,6.72,5:15:40,0:01:00,5:15:40
D,11-Ipakodo (Ebute)INJ-T1-Abuja,9:00,6.72,7:46:34,0:01:00,7:46:34
D,11-Ipakodo (Ebute)INJ-T1-Ipakodo,9:00,6.72,8:24:15,0:01:00,8:24:15
D,11-SaboINJ-T1-Ijebu Ode,9:00,6.72,10:14:24,0:01:00,10:14:24
D,11-AlasiaINJ-T1-Alasia,9:00,6.72,9:57:00,0:01:00,9:57:00
D,11-AlasiaINJ-T1-Council,9:00,6.72,5:15:02,0:01:00,5:15:02
D,11-AlasiaINJ-T1-Owoseni,9:00,6.72,5:17:43,0:01:00,5:17:43
D,11-EkoroINJ-T1-Oke Odo,9:00,6.72,10:21:12,0:01:00,10:21:12
D,11-MafolukuINJ-T1-Makinde,9:00,5.72,15:41:00,0:01:00,15:41:00
D,11-MafolukuINJ-T1-Saubana,9:00,5.72,10:47:23,0:01:00,10:47:23
D,11-AmuwoINJ-T1-Ijesha Express,9:00,6.72,14:48:33,0:01:00,14:48:33
D,33-IkoroduTCN-AGBOWA,9:00,6.72,14:48:33,0:01:00,14:48:33
D,33-IkoroduTCN-IJEDE,9:00,1.69,7:46:02,0:01:00,7:46:02
D,33-OdogunyanTCN-AGBEDE,9:00,1.69,6:15:04,0:01:00,6:15:04
D,11-OwutuINJ-T1-Agric,9:00,5.72,6:00:54,0:01:00,6:00:54
D,11-OwutuINJ-T2-Majidun,9:00,6.72,15:11:52,0:01:00,15:11:52
D,11-IjedeINJ-T1-Gberibe,9:00,5.72,9:20:30,0:01:00,9:20:30
D,11-SaboINJ-T2-Ladega,9:00,6.72,14:48:33,0:01:00,14:48:33
D,11-EkoroINJ-T1-Ajasa,9:00,6.72,12:10:48,0:01:00,12:10:48
D,11-SaboINJ-T2-Igbogbo,9:00,6.72,10:52:33,0:01:00,10:52:33
D,11-IjedeINJ-T1-Luwasa,9:00,6.72,8:05:53,0:01:00,8:05:53
D,11-IgandoINJ-T2-Akesan,9:00,6.72,9:06:58,0:01:00,9:06:58
D,11-Oke AfaINJ-T1-Ejigbo,9:00,6.72,5:46:44,0:01:00,5:46:44
D,11-WasimiINJ-T1-Agiliti,9:00,6.72,12:10:48,0:01:00,12:10:48
D,11-NitelINJ-T1-Challenge,9:00,6.72,16:40:17,0:01:00,16:40:17
D,11-CeleINJ-Adeshina,9:00,6.72,16:40:17,0:01:00,16:40:17
D,11-AmuwoINJ-T1-Old Ojo Road,9:00,6.72,16:40:17,0:01:00,16:40:17
D,11-IgandoINJ-T2-Agric Road,9:00,6.72,16:37:00,0:01:00,16:37:00
D,11-IjegunINJ-T2-Ijegun,9:00,6.72,11:20:14,0:01:00,11:20:14
D,11-IjegunINJ-T2-Isheri Oshun,9:00,6.72,14:41:43,0:01:00,14:41:43
D,11-IjegunINJ-T1-Okerube,9:00,6.72,10:29:43,0:01:00,10:29:43
D,11-BolorunpeluINJ-T1-Abaranje,9:00,6.72,11:10:03,0:01:00,11:10:03
D,11-AbesanINJ-T1-Aboru,9:00,6.72,12:56:34,0:01:00,12:56:34
D,11-ShashaINJ-T1-Orisunbare,9:00,6.72,6:23:07,0:01:00,6:23:07
D,11-EkoroINJ-T2-Olota,9:00,6.72,5:25:54,0:01:00,5:25:54
D,11-AgegeINJ-T2-Power Line,9:00,6.72,5:04:34,0:01:00,5:04:34
D,11-EkoroINJ-T2-Agbele,9:00,6.72,4:03:48,0:01:00,4:03:48
D,11-AgegeINJ-T2-Orile Agege,9:00,6.72,5:56:22,0:01:00,5:56:22
D,11-OwutuINJ-T2-Isawo,9:00,6.72,8:23:00,0:01:00,8:23:00
D,11-IgbogboINJ-T1-Bayeku,9:00,6.72,392:41:41,0:01:00,392:41:41
D,11-IgandoINJ-T1-Egan,9:00,6.72,12:27:17,0:01:00,12:27:17
D,11-IgandoINJ-T1-New Igando,9:00,6.72,8:25:38,0:01:00,8:25:38
D,11-IgandoINJ-T1-Obadore,9:00,6.72,5:21:00,0:01:00,5:21:00
D,11-IjegunINJ-T1-Ikotun,9:00,6.72,10:00:00,0:01:00,10:00:00
D,11-Oke AfaINJ-T3-NNPC,9:00,6.72,7:03:47,0:01:00,7:03:47
D,11-New YabaINJ-T1-Fadeyi,9:00,6.72,7:42:56,0:01:00,7:42:56
D,11-IjegunINJ-T2-Pipeline,9:00,6.72,16:40:17,0:01:00,16:40:17
D,33-EjigboTCN-IJEGUN,9:00,6.72,6:48:39,0:01:00,6:48:39
D,11-SaboINJ-T2-Erunwen,9:00,6.72,9:34:30,0:01:00,9:34:30
D,11-Oke AfaINJ-T3-Ori Oke,9:00,6.72,6:15:05,0:01:00,6:15:05
D,11-Ope iluINJ-T1-Ijoko,9:00,6.72,5:29:08,0:01:00,5:29:08
D,33-OdogunyanTCN-FAKALE MAYA,9:00,6.72,16:40:17,0:01:00,16:40:17
D,11-IgandoINJ-T2-Ikotun Igando,9:00,6.72,16:40:17,0:01:00,16:40:17
D,11-EkoroINJ-T2-Ekoro,9:00,6.72,16:40:17,0:01:00,16:40:17
D,11-IsoloLocalINJ-Abimbola,9:00,6.72,21:16:48,0:01:00,21:16:48
D,33-EgbinTCN-OKE ELETU,9:00,6.72,16:40:17,0:01:00,16:40:17
E,11-IlupejuINJ-T4-Army Cant.,5:00,6.72,6:21:27,0:01:00,6:21:27
E,11-EpeINJ-T1-Water Works,5:00,6.72,5:03:08,0:01:00,5:03:08
E,11-EpeINJ-T1-Township,5:00,6.72,4:26:27,0:01:00,4:26:27
E,11-EpeINJ-T1-LASU,5:00,6.72,6:04:03,0:01:00,6:04:03
